File, Rows, Columns, NonzeroEntries, Coordinate_Bytes, CSR_Bytes, SCSR_Bytes: 
08blocks.mtx, 300, 300, 592, 11840, 5940, 4156
130bit.mtx, 584, 575, 6120, 110160, 39060, 25652
494_bus.mtx, 494, 494, 1080, 21600, 10620, 7472
662_bus.mtx, 662, 662, 1568, 31360, 15196, 10736
685_bus.mtx, 685, 685, 1967, 39340, 18480, 13176
abb313.mtx, 313, 176, 1557, 28026, 10598, 6858
adjnoun.mtx, 112, 112, 425, 7650, 2990, 1918
arc130.mtx, 130, 130, 1282, 25640, 10780, 7956
ash219.mtx, 219, 85, 438, 7884, 3508, 2194
ash292.mtx, 292, 292, 1250, 22500, 8672, 5588
ash331.mtx, 331, 104, 662, 11916, 5300, 3314
ash608.mtx, 608, 188, 1216, 21888, 9732, 6084
ash85.mtx, 85, 85, 304, 5472, 2168, 1390
ash958.mtx, 958, 292, 1916, 34488, 15332, 9584
b1_ss.mtx, 7, 7, 15, 300, 152, 108
bcspwr01.mtx, 39, 39, 85, 1530, 670, 422
bcspwr02.mtx, 49, 49, 108, 1944, 848, 534
bcspwr03.mtx, 118, 118, 297, 5346, 2258, 1428
bcspwr04.mtx, 274, 274, 943, 16974, 6758, 4324
bcspwr05.mtx, 443, 443, 1033, 18594, 7974, 5022
bcsstk01.mtx, 48, 48, 224, 4480, 1988, 1444
bcsstk02.mtx, 66, 66, 2211, 44220, 17956, 13402
bcsstk03.mtx, 112, 112, 376, 7520, 3460, 2484
bcsstk04.mtx, 132, 132, 1890, 37800, 15652, 11608
bcsstk05.mtx, 153, 153, 1288, 25760, 10920, 8038
bcsstk06.mtx, 420, 420, 4140, 82800, 34804, 25684
bcsstk07.mtx, 420, 420, 4140, 82800, 34804, 25684
bcsstk19.mtx, 817, 817, 3835, 76700, 33952, 24648
bcsstk20.mtx, 485, 485, 1810, 36200, 16424, 11834
bcsstk22.mtx, 138, 138, 417, 8340, 3892, 2782
bcsstk34.mtx, 588, 588, 11003, 220060, 90380, 67198
bcsstm01.mtx, 48, 48, 48, 960, 580, 388
bcsstm02.mtx, 66, 66, 66, 1320, 796, 532
bcsstm03.mtx, 112, 112, 112, 2240, 1348, 900
bcsstm04.mtx, 132, 132, 132, 2640, 1588, 1060
bcsstm05.mtx, 153, 153, 153, 3060, 1840, 1228
bcsstm06.mtx, 420, 420, 420, 8400, 5044, 3364
bcsstm07.mtx, 420, 420, 3836, 76720, 32372, 23860
bcsstm19.mtx, 817, 817, 817, 16340, 9808, 6540
bcsstm20.mtx, 485, 485, 485, 9700, 5824, 3884
bcsstm22.mtx, 138, 138, 138, 2760, 1660, 1108
bcsstm34.mtx, 588, 588, 12429, 248580, 101788, 75754
beacxc.mtx, 497, 506, 50409, 1008180, 405072, 303356
beaflw.mtx, 497, 507, 53403, 1068060, 429196, 321406
beause.mtx, 497, 507, 44551, 891020, 358380, 268294
bfwa398.mtx, 398, 398, 3678, 73560, 31020, 22868
bfwa62.mtx, 62, 62, 450, 9000, 3852, 2828
bfwa782.mtx, 782, 782, 7514, 150280, 63244, 46652
bfwb398.mtx, 398, 398, 1654, 33080, 14828, 10724
bfwb62.mtx, 62, 62, 202, 4040, 1868, 1340
bfwb782.mtx, 782, 782, 3382, 67640, 30188, 21860
bibd_11_5.mtx, 55, 462, 4620, 83160, 27944, 18594
bibd_12_4.mtx, 66, 495, 2970, 53460, 18088, 12016
bibd_12_5.mtx, 66, 792, 7920, 142560, 47788, 31816
bibd_15_3.mtx, 105, 455, 1365, 24570, 8614, 5674
bibd_17_3.mtx, 136, 680, 2040, 36720, 12788, 8436
bibd_9_3.mtx, 36, 84, 252, 4536, 1660, 1084
bibd_9_5.mtx, 36, 126, 1260, 22680, 7708, 5116
bp_0.mtx, 822, 822, 3276, 65520, 29500, 21304
bp_1000.mtx, 822, 822, 4661, 93220, 40580, 29614
bp_1200.mtx, 822, 822, 4726, 94520, 41100, 30004
bp_1400.mtx, 822, 822, 4790, 95800, 41612, 30388
bp_1600.mtx, 822, 822, 4841, 96820, 42020, 30694
bp_200.mtx, 822, 822, 3802, 76040, 33708, 24460
bp_400.mtx, 822, 822, 4028, 80560, 35516, 25816
bp_600.mtx, 822, 822, 4172, 83440, 36668, 26680
bp_800.mtx, 822, 822, 4534, 90680, 39564, 28852
bwm200.mtx, 200, 200, 796, 15920, 7172, 5180
cage.mtx, 366, 366, 2562, 46116, 16840, 10980
cage3.mtx, 5, 5, 19, 380, 176, 128
cage4.mtx, 9, 9, 49, 980, 432, 316
cage5.mtx, 37, 37, 233, 4660, 2016, 1476
cage6.mtx, 93, 93, 785, 15700, 6656, 4900
cage7.mtx, 340, 340, 3084, 61680, 26036, 19188
CAG_mat364.mtx, 364, 364, 13585, 271700, 110140, 82242
CAG_mat72.mtx, 72, 72, 1012, 20240, 8388, 6220
can_144.mtx, 144, 144, 720, 12960, 4900, 3172
can_161.mtx, 161, 161, 769, 13842, 5262, 3402
can_187.mtx, 187, 187, 839, 15102, 5786, 3734
can_229.mtx, 229, 229, 1003, 18054, 6938, 4474
can_24.mtx, 24, 24, 92, 1656, 652, 420
can_256.mtx, 256, 256, 1586, 28548, 10544, 6860
can_268.mtx, 268, 268, 1675, 30150, 11126, 7240
can_292.mtx, 292, 292, 1416, 25488, 9668, 6252
can_445.mtx, 445, 445, 2127, 38286, 14546, 9402
can_61.mtx, 61, 61, 309, 5562, 2102, 1362
can_62.mtx, 62, 62, 140, 2520, 1092, 688
can_634.mtx, 634, 634, 3931, 70758, 26126, 16996
can_715.mtx, 715, 715, 3690, 66420, 25004, 16194
can_73.mtx, 73, 73, 225, 4050, 1646, 1050
can_838.mtx, 838, 838, 5424, 97632, 35900, 23376
can_96.mtx, 96, 96, 432, 7776, 2980, 1924
cat_ears_2_1.mtx, 85, 85, 254, 4572, 1868, 1190
cat_ears_3_1.mtx, 204, 181, 542, 9756, 4072, 2580
cat_ears_4_1.mtx, 377, 313, 938, 16884, 7140, 4510
cavity01.mtx, 317, 317, 7327, 146540, 59888, 44600
cavity02.mtx, 317, 317, 7327, 146540, 59888, 44600
cavity03.mtx, 317, 317, 7327, 146540, 59888, 44600
cavity04.mtx, 317, 317, 7327, 146540, 59888, 44600
cdde1.mtx, 961, 961, 4681, 93620, 41296, 30012
cdde2.mtx, 961, 961, 4681, 93620, 41296, 30012
cdde3.mtx, 961, 961, 4681, 93620, 41296, 30012
cdde4.mtx, 961, 961, 4681, 93620, 41296, 30012
cdde5.mtx, 961, 961, 4681, 93620, 41296, 30012
cdde6.mtx, 961, 961, 4681, 93620, 41296, 30012
celegansneural.mtx, 297, 297, 2345, 46900, 19940, 14662
celegans_metabolic.mtx, 453, 453, 2040, 40800, 17848, 13004
ch3-3-b1.mtx, 18, 9, 36, 720, 364, 256
ch3-3-b2.mtx, 6, 18, 18, 360, 172, 124
ch4-4-b1.mtx, 72, 16, 144, 2880, 1444, 1012
ch4-4-b2.mtx, 96, 72, 288, 5760, 2692, 1924
ch4-4-b3.mtx, 24, 96, 96, 1920, 868, 628
ch5-5-b1.mtx, 200, 25, 400, 8000, 4004, 2804
ch5-5-b2.mtx, 600, 200, 1800, 36000, 16804, 12004
ch5-5-b3.mtx, 600, 600, 2400, 48000, 21604, 15604
ch5-5-b4.mtx, 120, 600, 600, 12000, 5284, 3844
ch6-6-b1.mtx, 450, 36, 900, 18000, 9004, 6304
ch7-6-b1.mtx, 630, 42, 1260, 25200, 12604, 8824
ch7-7-b1.mtx, 882, 49, 1764, 35280, 17644, 12352
Chebyshev1.mtx, 261, 261, 2319, 46380, 19600, 14440
chesapeake.mtx, 39, 39, 170, 3060, 1164, 752
cis-n4c6-b1.mtx, 210, 21, 420, 8400, 4204, 2944
cis-n4c6-b15.mtx, 60, 920, 960, 19200, 7924, 5884
Cities.mtx, 55, 46, 1342, 26840, 10960, 8166
ck104.mtx, 104, 104, 992, 19840, 8356, 6164
ck400.mtx, 400, 400, 2860, 57200, 24484, 17964
ck656.mtx, 656, 656, 3884, 77680, 33700, 24620
curtis54.mtx, 54, 54, 291, 5238, 1966, 1276
cz148.mtx, 148, 148, 1527, 30540, 12812, 9462
cz308.mtx, 308, 308, 3182, 63640, 26692, 19712
cz628.mtx, 628, 628, 6346, 126920, 53284, 39336
dendrimer.mtx, 730, 730, 31877, 637540, 257940, 192726
divorce.mtx, 50, 9, 225, 4050, 1554, 1004
DK01R.mtx, 903, 903, 11766, 235320, 97744, 72406
dolphins.mtx, 62, 62, 159, 2862, 1162, 740
dw256A.mtx, 512, 512, 2480, 49600, 21892, 15908
dw256B.mtx, 512, 512, 2500, 50000, 22052, 16028
dwa512.mtx, 512, 512, 2480, 49600, 21892, 15908
dwb512.mtx, 512, 512, 2500, 50000, 22052, 16028
dwt_162.mtx, 162, 162, 672, 12096, 4684, 3016
dwt_193.mtx, 193, 193, 1843, 33174, 11834, 7762
dwt_198.mtx, 198, 198, 795, 14310, 5566, 3580
dwt_209.mtx, 209, 209, 976, 17568, 6696, 4326
dwt_221.mtx, 221, 221, 925, 16650, 6438, 4146
dwt_234.mtx, 234, 234, 534, 9612, 4144, 2608
dwt_245.mtx, 245, 245, 853, 15354, 6102, 3906
dwt_307.mtx, 307, 307, 1415, 25470, 9722, 6278
dwt_310.mtx, 310, 310, 1379, 24822, 9518, 6140
dwt_346.mtx, 346, 346, 1786, 32148, 12104, 7840
dwt_361.mtx, 361, 361, 1657, 29826, 11390, 7354
dwt_419.mtx, 419, 419, 1991, 35838, 13626, 8806
dwt_492.mtx, 492, 492, 1824, 32832, 12916, 8284
dwt_503.mtx, 503, 503, 3265, 58770, 21606, 14070
dwt_512.mtx, 512, 512, 2007, 36126, 14094, 9056
dwt_59.mtx, 59, 59, 163, 2934, 1218, 774
dwt_592.mtx, 592, 592, 2848, 51264, 19460, 12580
dwt_607.mtx, 607, 607, 2869, 51642, 19646, 12694
dwt_66.mtx, 66, 66, 193, 3474, 1426, 908
dwt_72.mtx, 72, 72, 147, 2646, 1174, 736
dwt_758.mtx, 758, 758, 3376, 60768, 23292, 15024
dwt_869.mtx, 869, 869, 4077, 73386, 27942, 18050
dwt_87.mtx, 87, 87, 314, 5652, 2236, 1434
dwt_878.mtx, 878, 878, 4163, 74934, 28494, 18412
dwt_918.mtx, 918, 918, 4151, 74718, 28582, 18444
dwt_992.mtx, 992, 992, 8868, 159624, 57180, 37460
dynamicSoaringProblem_1.mtx, 647, 647, 2865, 57300, 25512, 18488
D_10.mtx, 460, 816, 7614, 152280, 62752, 46606
D_11.mtx, 169, 461, 2952, 59040, 24296, 18054
D_5.mtx, 434, 115, 1832, 36640, 16380, 11856
D_6.mtx, 970, 435, 6491, 129820, 55800, 40884
d_dyn.mtx, 87, 87, 238, 4760, 2256, 1606
d_dyn1.mtx, 87, 87, 238, 4760, 2256, 1606
d_ss.mtx, 53, 53, 149, 2980, 1408, 1004
Erdos971.mtx, 472, 472, 1314, 23652, 9164, 5896
Erdos981.mtx, 485, 485, 1381, 24858, 9606, 6184
Erdos991.mtx, 492, 492, 1417, 25506, 9846, 6340
ex1.mtx, 560, 560, 4368, 78624, 28444, 18588
ex2.mtx, 560, 560, 4368, 78624, 28444, 18588
ex21.mtx, 656, 656, 19144, 382880, 155780, 116180
ex22.mtx, 839, 839, 22715, 454300, 185080, 137972
ex25.mtx, 848, 848, 24612, 492240, 200292, 149372
ex27.mtx, 974, 974, 40782, 815640, 330156, 246644
ex5.mtx, 27, 27, 153, 3060, 1336, 976
farm.mtx, 7, 17, 41, 820, 360, 264
flower_4_1.mtx, 121, 129, 386, 6948, 2804, 1790
flower_5_1.mtx, 211, 201, 602, 10836, 4460, 2834
flower_7_1.mtx, 463, 393, 1178, 21204, 8924, 5642
flower_8_1.mtx, 625, 513, 1538, 27684, 11732, 7406
football.mtx, 35, 35, 118, 2360, 1052, 764
freeFlyingRobot_1.mtx, 798, 798, 2861, 57220, 26084, 18766
fs_183_1.mtx, 183, 183, 1069, 21380, 9288, 6784
fs_183_3.mtx, 183, 183, 1069, 21380, 9288, 6784
fs_183_4.mtx, 183, 183, 1069, 21380, 9288, 6784
fs_183_6.mtx, 183, 183, 1069, 21380, 9288, 6784
fs_541_1.mtx, 541, 541, 4285, 85700, 36448, 26796
fs_541_2.mtx, 541, 541, 4285, 85700, 36448, 26796
fs_541_3.mtx, 541, 541, 4285, 85700, 36448, 26796
fs_541_4.mtx, 541, 541, 4285, 85700, 36448, 26796
fs_680_1.mtx, 680, 680, 2646, 52920, 23892, 17240
fs_680_2.mtx, 680, 680, 2646, 52920, 23892, 17240
fs_680_3.mtx, 680, 680, 2646, 52920, 23892, 17240
fs_760_1.mtx, 760, 760, 5976, 119520, 50852, 37380
fs_760_2.mtx, 760, 760, 5976, 119520, 50852, 37380
fs_760_3.mtx, 760, 760, 5976, 119520, 50852, 37380
G1.mtx, 800, 800, 19176, 345168, 118196, 78274
G10.mtx, 800, 800, 19176, 383520, 156532, 116618
G11.mtx, 800, 800, 1600, 32000, 16004, 11200
G12.mtx, 800, 800, 1600, 32000, 16004, 11200
G13.mtx, 800, 800, 1600, 32000, 16004, 11200
G14.mtx, 800, 800, 4694, 84492, 31368, 20376
G15.mtx, 800, 800, 4661, 83898, 31170, 20244
G16.mtx, 800, 800, 4672, 84096, 31236, 20288
G17.mtx, 800, 800, 4667, 84006, 31206, 20268
G18.mtx, 800, 800, 4694, 93880, 40756, 29764
G19.mtx, 800, 800, 4661, 93220, 40492, 29566
G2.mtx, 800, 800, 19176, 345168, 118200, 78276
G20.mtx, 800, 800, 4672, 93440, 40580, 29632
G21.mtx, 800, 800, 4667, 93340, 40540, 29602
G3.mtx, 800, 800, 19176, 345168, 118180, 78266
G4.mtx, 800, 800, 19176, 345168, 118220, 78286
G43.mtx, 1000, 1000, 9990, 179820, 63744, 41862
G44.mtx, 1000, 1000, 9990, 179820, 63748, 41864
G45.mtx, 1000, 1000, 9990, 179820, 63768, 41874
G46.mtx, 1000, 1000, 9990, 179820, 63768, 41874
G47.mtx, 1000, 1000, 9990, 179820, 63764, 41872
G5.mtx, 800, 800, 19176, 345168, 118180, 78266
G51.mtx, 1000, 1000, 5909, 106362, 39458, 25636
G52.mtx, 1000, 1000, 5916, 106488, 39500, 25664
G53.mtx, 1000, 1000, 5914, 106452, 39488, 25656
G54.mtx, 1000, 1000, 5916, 106488, 39500, 25664
G6.mtx, 800, 800, 19176, 383520, 156548, 116626
G7.mtx, 800, 800, 19176, 383520, 156552, 116628
G8.mtx, 800, 800, 19176, 383520, 156532, 116618
G9.mtx, 800, 800, 19176, 383520, 156572, 116638
gams10a.mtx, 114, 171, 407, 8140, 3716, 2674
gams10am.mtx, 114, 171, 407, 8140, 3716, 2674
gams30a.mtx, 354, 531, 1287, 25740, 11716, 8434
gams30am.mtx, 354, 531, 1287, 25740, 11716, 8434
gas11.mtx, 459, 862, 2166, 43320, 19168, 13918
GD00_a.mtx, 352, 352, 458, 8244, 3860, 2390
GD00_c.mtx, 638, 638, 1041, 20820, 10048, 7108
GD01_a.mtx, 311, 311, 645, 12900, 5952, 4266
GD01_Acap.mtx, 953, 953, 645, 12900, 5952, 4266
GD01_b.mtx, 18, 18, 37, 666, 298, 188
GD01_c.mtx, 33, 33, 135, 2700, 1204, 874
GD02_a.mtx, 23, 23, 87, 1566, 614, 396
GD02_b.mtx, 80, 80, 232, 4176, 1708, 1088
GD06_theory.mtx, 101, 101, 190, 3420, 1548, 962
GD95_a.mtx, 36, 36, 57, 1026, 482, 300
GD95_b.mtx, 73, 73, 96, 1728, 740, 468
GD95_c.mtx, 62, 62, 287, 5166, 1974, 1276
GD96_b.mtx, 111, 111, 193, 3474, 1530, 958
GD96_c.mtx, 65, 65, 125, 2250, 962, 606
GD96_d.mtx, 180, 180, 229, 4122, 1830, 1146
GD97_a.mtx, 84, 84, 166, 2988, 1264, 798
GD97_b.mtx, 47, 47, 132, 2640, 1244, 884
GD97_c.mtx, 452, 452, 460, 9200, 3940, 2892
GD98_a.mtx, 38, 38, 50, 900, 368, 236
GD98_b.mtx, 121, 121, 207, 3726, 1730, 1074
GD98_c.mtx, 112, 112, 168, 3024, 1328, 832
GD99_b.mtx, 64, 64, 127, 2540, 1232, 870
GD99_c.mtx, 105, 105, 149, 2682, 1166, 734
gent113.mtx, 113, 113, 655, 11790, 4386, 2850
GL6_D_10.mtx, 163, 341, 2053, 41060, 17076, 12646
GL6_D_6.mtx, 469, 201, 2526, 50520, 22072, 16090
GL6_D_7.mtx, 636, 470, 5378, 107560, 45572, 33544
GL6_D_8.mtx, 544, 637, 6153, 123060, 51396, 38006
GL6_D_9.mtx, 340, 545, 4349, 86980, 36152, 26776
GL7d10.mtx, 1, 60, 8, 160, 72, 54
GlossGT.mtx, 72, 72, 122, 2196, 976, 612
goddardRocketProblem_1.mtx, 831, 831, 4457, 89140, 38984, 28408
goddardRocketProblem_2.mtx, 867, 867, 4746, 94920, 41440, 30214
gre_115.mtx, 115, 115, 421, 8420, 3832, 2760
gre_185.mtx, 185, 185, 1005, 20100, 8784, 6404
gre_216a.mtx, 216, 216, 876, 17520, 7876, 5692
gre_216b.mtx, 216, 216, 876, 17520, 7876, 5692
gre_343.mtx, 343, 343, 1435, 28700, 12856, 9300
gre_512.mtx, 512, 512, 2192, 43840, 19588, 14180
grid1.mtx, 252, 252, 476, 8568, 3592, 2272
grid1_dual.mtx, 224, 224, 420, 7560, 3200, 2020
gr_30_30.mtx, 900, 900, 4322, 86440, 38180, 27736
Hamrle1.mtx, 32, 32, 98, 1960, 916, 656
hangGlider_1.mtx, 360, 360, 1838, 36760, 16148, 11752
Harvard500.mtx, 500, 500, 2636, 47448, 17820, 11548
hor_131.mtx, 434, 434, 4710, 94200, 39420, 29132
ibm32.mtx, 32, 32, 126, 2268, 888, 572
IG5-10.mtx, 652, 976, 10273, 205460, 84796, 62946
IG5-6.mtx, 30, 77, 251, 5020, 2132, 1570
IG5-7.mtx, 62, 150, 549, 10980, 4644, 3422
IG5-8.mtx, 156, 292, 1711, 34220, 14316, 10582
IG5-9.mtx, 342, 540, 4570, 91400, 37932, 28108
impcol_a.mtx, 207, 207, 572, 11440, 5408, 3850
impcol_b.mtx, 59, 59, 312, 6240, 2736, 1994
impcol_c.mtx, 137, 137, 411, 8220, 3840, 2744
impcol_d.mtx, 425, 425, 1339, 26780, 12416, 8888
impcol_e.mtx, 225, 225, 1308, 26160, 11368, 8302
jagmesh1.mtx, 936, 936, 3600, 64800, 25348, 16276
jazz.mtx, 198, 198, 2742, 54840, 22668, 16818
jgl009.mtx, 9, 9, 50, 900, 340, 222
jgl011.mtx, 11, 11, 76, 1368, 504, 330
Journals.mtx, 124, 124, 6096, 121920, 49268, 36828
jpwh_991.mtx, 991, 991, 6027, 120540, 52184, 38148
karate.mtx, 34, 34, 78, 1404, 576, 364
kleemin.mtx, 8, 16, 44, 880, 388, 284
klein-b1.mtx, 30, 10, 60, 1200, 604, 424
klein-b2.mtx, 20, 30, 60, 1200, 564, 404
kneser_6_2_1.mtx, 601, 676, 2027, 36486, 14570, 9314
L.mtx, 956, 956, 1820, 32760, 13988, 8814
lap_25.mtx, 25, 25, 97, 1746, 686, 442
lesmis.mtx, 77, 77, 254, 5080, 2332, 1672
LF10.mtx, 18, 18, 50, 1000, 476, 340
LFAT5.mtx, 14, 14, 30, 600, 300, 212
lnsp_131.mtx, 131, 131, 536, 10720, 4816, 3482
lnsp_511.mtx, 511, 511, 2796, 55920, 24416, 17802
lns_131.mtx, 131, 131, 536, 10720, 4816, 3482
lns_511.mtx, 511, 511, 2796, 55920, 24416, 17802
lock_700.mtx, 700, 700, 11433, 205794, 71366, 47118
lop163.mtx, 163, 163, 935, 18700, 8136, 5940
lowThrust_1.mtx, 584, 584, 3314, 66280, 28844, 21052
lpi_bgdbg1.mtx, 348, 629, 1662, 33240, 14692, 10672
lpi_bgetam.mtx, 400, 816, 2537, 50740, 21900, 16026
lpi_bgprtr.mtx, 20, 40, 70, 1400, 644, 464
lpi_box1.mtx, 231, 261, 651, 13020, 6136, 4372
lpi_chemcom.mtx, 288, 744, 1590, 31800, 13876, 10120
lpi_cplex2.mtx, 224, 378, 1215, 24300, 10620, 7742
lpi_ex72a.mtx, 197, 215, 467, 9340, 4528, 3200
lpi_ex73a.mtx, 193, 211, 457, 9140, 4432, 3132
lpi_forest6.mtx, 66, 131, 246, 4920, 2236, 1612
lpi_galenet.mtx, 8, 14, 22, 440, 212, 152
lpi_itest2.mtx, 9, 13, 26, 520, 248, 178
lpi_itest6.mtx, 11, 17, 29, 580, 280, 200
lpi_klein1.mtx, 54, 108, 750, 15000, 6220, 4612
lpi_klein2.mtx, 477, 531, 5062, 101240, 42408, 31330
lpi_mondou2.mtx, 312, 604, 1208, 24160, 10916, 7876
lpi_pang.mtx, 361, 741, 2933, 58660, 24912, 18324
lpi_qual.mtx, 323, 464, 1646, 32920, 14464, 10526
lpi_reactor.mtx, 318, 808, 2591, 51820, 22004, 16186
lpi_refinery.mtx, 323, 464, 1626, 32520, 14304, 10406
lpi_vol1.mtx, 323, 464, 1646, 32920, 14464, 10526
lpi_woodinfe.mtx, 35, 89, 140, 2800, 1264, 914
lp_adlittle.mtx, 56, 138, 424, 8480, 3620, 2660
lp_afiro.mtx, 27, 51, 102, 2040, 928, 670
lp_agg.mtx, 488, 615, 2862, 57240, 24852, 18152
lp_agg2.mtx, 516, 758, 4740, 94800, 39988, 29476
lp_agg3.mtx, 516, 758, 4756, 95120, 40116, 29572
lp_bandm.mtx, 305, 472, 2494, 49880, 21176, 15578
lp_beaconfd.mtx, 173, 295, 3408, 68160, 27960, 20798
lp_blend.mtx, 74, 114, 522, 10440, 4476, 3284
lp_bore3d.mtx, 233, 334, 1448, 28960, 12520, 9158
lp_brandy.mtx, 220, 303, 2202, 44040, 18392, 13602
lp_capri.mtx, 271, 482, 1896, 37920, 16256, 11922
lp_degen2.mtx, 444, 757, 4201, 84020, 35388, 26098
lp_e226.mtx, 223, 472, 2768, 55360, 23040, 17058
lp_etamacro.mtx, 400, 816, 2537, 50740, 21900, 16026
lp_grow15.mtx, 300, 645, 5620, 112400, 46164, 34324
lp_grow22.mtx, 440, 946, 8252, 165040, 67780, 50396
lp_grow7.mtx, 140, 301, 2612, 52240, 21460, 15956
lp_israel.mtx, 174, 316, 2443, 48860, 20244, 15010
lp_kb2.mtx, 43, 68, 313, 6260, 2680, 1968
lp_lotfi.mtx, 153, 366, 1136, 22720, 9704, 7126
lp_nug05.mtx, 210, 225, 1050, 21000, 9244, 6724
lp_nug06.mtx, 372, 486, 2232, 44640, 19348, 14140
lp_nug07.mtx, 602, 931, 4214, 84280, 36124, 26492
lp_recipe.mtx, 91, 204, 687, 13740, 5864, 4308
lp_sc105.mtx, 105, 163, 340, 6800, 3144, 2254
lp_sc205.mtx, 205, 317, 665, 13300, 6144, 4404
lp_sc50a.mtx, 50, 78, 160, 3200, 1484, 1064
lp_sc50b.mtx, 50, 78, 148, 2960, 1388, 992
lp_scagr25.mtx, 471, 671, 1725, 34500, 15688, 11296
lp_scagr7.mtx, 129, 185, 465, 9300, 4240, 3052
lp_scfxm1.mtx, 330, 600, 2732, 54640, 23180, 17056
lp_scorpion.mtx, 388, 466, 1534, 30680, 13828, 9984
lp_scsd1.mtx, 77, 760, 2388, 47760, 19416, 14486
lp_sctap1.mtx, 300, 660, 1872, 37440, 16180, 11836
lp_share1b.mtx, 117, 253, 1179, 23580, 9904, 7312
lp_share2b.mtx, 96, 162, 777, 15540, 6604, 4858
lp_stair.mtx, 356, 614, 4003, 80060, 33452, 24734
lp_stocfor1.mtx, 117, 165, 501, 10020, 4480, 3244
lp_tuff.mtx, 333, 628, 4561, 91220, 37700, 27974
lp_vtp_base.mtx, 198, 346, 1051, 21020, 9204, 6706
lshp_265.mtx, 265, 265, 1009, 18162, 7118, 4570
lshp_406.mtx, 406, 406, 1561, 28098, 10994, 7060
lshp_577.mtx, 577, 577, 2233, 40194, 15710, 10090
lshp_778.mtx, 778, 778, 3025, 54450, 21266, 13660
lund_a.mtx, 147, 147, 1298, 25960, 10976, 8086
lund_b.mtx, 147, 147, 1294, 25880, 10944, 8062
M10PI_n.mtx, 682, 682, 1633, 32660, 15796, 11166
M10PI_n1.mtx, 528, 528, 1317, 26340, 12648, 8960
Maragal_1.mtx, 32, 14, 234, 4680, 2004, 1472
Maragal_2.mtx, 555, 350, 4357, 87140, 37004, 27218
mbeacxc.mtx, 496, 496, 49920, 998400, 401156, 300420
mbeaflw.mtx, 496, 496, 49920, 998400, 401156, 300420
mbeause.mtx, 496, 496, 41063, 821260, 330300, 247278
mcca.mtx, 180, 180, 2659, 53180, 21996, 16318
mcfe.mtx, 765, 765, 24382, 487640, 198120, 147826
mesh1e1.mtx, 48, 48, 177, 3540, 1612, 1162
mesh1em1.mtx, 48, 48, 177, 3540, 1612, 1162
mesh1em6.mtx, 48, 48, 177, 3540, 1612, 1162
mesh2e1.mtx, 306, 306, 1162, 23240, 10524, 7588
mesh2em5.mtx, 306, 306, 1162, 23240, 10524, 7588
mesh3e1.mtx, 289, 289, 1089, 21780, 9872, 7116
mesh3em5.mtx, 289, 289, 1089, 21780, 9872, 7116
mhda416.mtx, 416, 416, 8562, 171240, 70164, 52208
mhdb416.mtx, 416, 416, 1364, 27280, 12580, 9020
mk10-b1.mtx, 630, 45, 1260, 25200, 12604, 8824
mk11-b1.mtx, 990, 55, 1980, 39600, 19804, 13864
mk9-b1.mtx, 378, 36, 756, 15120, 7564, 5296
model1.mtx, 362, 798, 3028, 60560, 25676, 18896
msc00726.mtx, 726, 726, 17622, 352440, 143884, 107188
mycielskian10.mtx, 767, 767, 22196, 399528, 136248, 90318
mycielskian2.mtx, 2, 2, 1, 18, 18, 8
mycielskian3.mtx, 5, 5, 5, 90, 54, 30
mycielskian4.mtx, 11, 11, 20, 360, 168, 102
mycielskian5.mtx, 23, 23, 71, 1278, 522, 330
mycielskian6.mtx, 47, 47, 236, 4248, 1608, 1038
mycielskian7.mtx, 95, 95, 755, 13590, 4914, 3210
mycielskian8.mtx, 191, 191, 2360, 42480, 14928, 9822
mycielskian9.mtx, 383, 383, 7271, 130878, 45162, 29850
n2c6-b1.mtx, 105, 15, 210, 4200, 2104, 1474
n2c6-b10.mtx, 30, 306, 330, 6600, 2764, 2044
n2c6-b2.mtx, 455, 105, 1365, 27300, 12744, 9104
n3c5-b1.mtx, 45, 10, 90, 1800, 904, 634
n3c5-b2.mtx, 120, 45, 360, 7200, 3364, 2404
n3c5-b3.mtx, 210, 120, 840, 16800, 7564, 5464
n3c5-b4.mtx, 252, 210, 1260, 25200, 11092, 8068
n3c5-b5.mtx, 210, 252, 1260, 25200, 10924, 7984
n3c5-b6.mtx, 120, 210, 840, 16800, 7204, 5284
n3c5-b7.mtx, 30, 120, 240, 4800, 2044, 1504
n3c6-b1.mtx, 105, 105, 210, 4200, 2104, 1474
n3c6-b11.mtx, 60, 675, 720, 14400, 6004, 4444
n3c6-b2.mtx, 455, 105, 1365, 27300, 12744, 9104
n4c5-b1.mtx, 105, 15, 210, 4200, 2104, 1474
n4c5-b10.mtx, 120, 630, 1320, 26400, 11044, 8164
n4c5-b11.mtx, 10, 120, 120, 2400, 1004, 744
n4c5-b2.mtx, 455, 105, 1365, 27300, 12744, 9104
n4c6-b1.mtx, 210, 21, 420, 8400, 4204, 2944
n4c6-b15.mtx, 60, 920, 960, 19200, 7924, 5884
netz4504_dual.mtx, 615, 615, 1171, 21078, 9450, 5894
nnc261.mtx, 261, 261, 1500, 30000, 13048, 9526
nnc666.mtx, 666, 666, 4044, 80880, 35020, 25600
nos1.mtx, 237, 237, 627, 12540, 5968, 4240
nos2.mtx, 957, 957, 2547, 50940, 24208, 17200
nos3.mtx, 960, 960, 8402, 168040, 71060, 52336
nos4.mtx, 100, 100, 347, 6940, 3180, 2286
nos5.mtx, 468, 468, 2820, 56400, 24436, 17860
nos6.mtx, 675, 675, 1965, 39300, 18424, 13144
nos7.mtx, 729, 729, 2673, 53460, 24304, 17500
nsic.mtx, 465, 897, 3449, 68980, 29456, 21628
odepa400.mtx, 400, 400, 1201, 24020, 11212, 8010
odepb400.mtx, 400, 400, 399, 7980, 4792, 3196
olm100.mtx, 100, 100, 396, 7920, 3572, 2580
olm1000.mtx, 1000, 1000, 3996, 79920, 35972, 25980
olm500.mtx, 500, 500, 1996, 39920, 17972, 12980
orbitRaising_1.mtx, 442, 442, 1573, 31460, 14356, 10326
orbitRaising_2.mtx, 739, 739, 3464, 69280, 30672, 22266
orbitRaising_3.mtx, 761, 761, 3256, 65120, 29096, 21062
orbitRaising_4.mtx, 915, 915, 4144, 82880, 36816, 26698
orsirr_2.mtx, 886, 886, 5970, 119400, 51308, 37596
oscil_dcop_01.mtx, 430, 430, 1544, 30880, 14076, 10128
oscil_dcop_02.mtx, 430, 430, 1544, 30880, 14076, 10128
oscil_dcop_03.mtx, 430, 430, 1544, 30880, 14076, 10128
oscil_dcop_04.mtx, 430, 430, 1544, 30880, 14076, 10128
oscil_dcop_05.mtx, 430, 430, 1544, 30880, 14076, 10128
oscil_dcop_06.mtx, 430, 430, 1544, 30880, 14076, 10128
oscil_dcop_07.mtx, 430, 430, 1544, 30880, 14076, 10128
oscil_dcop_08.mtx, 430, 430, 1544, 30880, 14076, 10128
oscil_dcop_09.mtx, 430, 430, 1544, 30880, 14076, 10128
oscil_dcop_10.mtx, 430, 430, 1544, 30880, 14076, 10128
oscil_dcop_11.mtx, 430, 430, 1544, 30880, 14076, 10128
oscil_dcop_12.mtx, 430, 430, 1544, 30880, 14076, 10128
oscil_dcop_13.mtx, 430, 430, 1544, 30880, 14076, 10128
oscil_dcop_14.mtx, 430, 430, 1544, 30880, 14076, 10128
oscil_dcop_15.mtx, 430, 430, 1544, 30880, 14076, 10128
oscil_dcop_16.mtx, 430, 430, 1544, 30880, 14076, 10128
oscil_dcop_17.mtx, 430, 430, 1544, 30880, 14076, 10128
oscil_dcop_18.mtx, 430, 430, 1544, 30880, 14076, 10128
oscil_dcop_19.mtx, 430, 430, 1544, 30880, 14076, 10128
oscil_dcop_20.mtx, 430, 430, 1544, 30880, 14076, 10128
oscil_dcop_21.mtx, 430, 430, 1544, 30880, 14076, 10128
oscil_dcop_22.mtx, 430, 430, 1544, 30880, 14076, 10128
oscil_dcop_23.mtx, 430, 430, 1544, 30880, 14076, 10128
oscil_dcop_24.mtx, 430, 430, 1544, 30880, 14076, 10128
oscil_dcop_25.mtx, 430, 430, 1544, 30880, 14076, 10128
oscil_dcop_26.mtx, 430, 430, 1544, 30880, 14076, 10128
oscil_dcop_27.mtx, 430, 430, 1544, 30880, 14076, 10128
oscil_dcop_28.mtx, 430, 430, 1544, 30880, 14076, 10128
oscil_dcop_29.mtx, 430, 430, 1544, 30880, 14076, 10128
oscil_dcop_30.mtx, 430, 430, 1544, 30880, 14076, 10128
oscil_dcop_31.mtx, 430, 430, 1544, 30880, 14076, 10128
oscil_dcop_32.mtx, 430, 430, 1544, 30880, 14076, 10128
oscil_dcop_33.mtx, 430, 430, 1544, 30880, 14076, 10128
oscil_dcop_34.mtx, 430, 430, 1544, 30880, 14076, 10128
oscil_dcop_35.mtx, 430, 430, 1544, 30880, 14076, 10128
oscil_dcop_36.mtx, 430, 430, 1544, 30880, 14076, 10128
oscil_dcop_37.mtx, 430, 430, 1544, 30880, 14076, 10128
oscil_dcop_38.mtx, 430, 430, 1544, 30880, 14076, 10128
oscil_dcop_39.mtx, 430, 430, 1544, 30880, 14076, 10128
oscil_dcop_40.mtx, 430, 430, 1544, 30880, 14076, 10128
oscil_dcop_41.mtx, 430, 430, 1544, 30880, 14076, 10128
oscil_dcop_42.mtx, 430, 430, 1544, 30880, 14076, 10128
oscil_dcop_43.mtx, 430, 430, 1544, 30880, 14076, 10128
oscil_dcop_44.mtx, 430, 430, 1544, 30880, 14076, 10128
oscil_dcop_45.mtx, 430, 430, 1544, 30880, 14076, 10128
oscil_dcop_46.mtx, 430, 430, 1544, 30880, 14076, 10128
oscil_dcop_47.mtx, 430, 430, 1544, 30880, 14076, 10128
oscil_dcop_48.mtx, 430, 430, 1544, 30880, 14076, 10128
oscil_dcop_49.mtx, 430, 430, 1544, 30880, 14076, 10128
oscil_dcop_50.mtx, 430, 430, 1544, 30880, 14076, 10128
oscil_dcop_51.mtx, 430, 430, 1544, 30880, 14076, 10128
oscil_dcop_52.mtx, 430, 430, 1544, 30880, 14076, 10128
oscil_dcop_53.mtx, 430, 430, 1544, 30880, 14076, 10128
oscil_dcop_54.mtx, 430, 430, 1544, 30880, 14076, 10128
oscil_dcop_55.mtx, 430, 430, 1544, 30880, 14076, 10128
oscil_dcop_56.mtx, 430, 430, 1544, 30880, 14076, 10128
oscil_dcop_57.mtx, 430, 430, 1544, 30880, 14076, 10128
oscil_trans_01.mtx, 430, 430, 1614, 32280, 14636, 10548
p0033.mtx, 15, 48, 113, 2260, 968, 712
p0040.mtx, 23, 63, 133, 2660, 1160, 848
p0201.mtx, 133, 334, 2056, 41120, 16984, 12606
p0282.mtx, 241, 523, 2207, 44140, 18624, 13728
p0291.mtx, 252, 543, 2283, 45660, 19276, 14206
p0548.mtx, 176, 724, 1887, 37740, 15804, 11678
pde225.mtx, 225, 225, 1065, 21300, 9424, 6844
pde900.mtx, 900, 900, 4380, 87600, 38644, 28084
pivtol.mtx, 102, 102, 306, 6120, 2860, 2044
plat362.mtx, 362, 362, 3074, 61480, 26044, 19172
plskz362.mtx, 362, 362, 880, 17600, 7976, 5748
poisson2D.mtx, 367, 367, 2417, 48340, 20808, 15240
polbooks.mtx, 105, 105, 441, 7938, 3062, 1970
pores_1.mtx, 30, 30, 180, 3600, 1564, 1144
pores_3.mtx, 532, 532, 3474, 69480, 29924, 21912
problem.mtx, 12, 46, 86, 1720, 740, 544
problem1.mtx, 415, 415, 2779, 55580, 23896, 17508
qh768.mtx, 768, 768, 2934, 58680, 26548, 19144
qh882.mtx, 882, 882, 3354, 67080, 30364, 21892
QRpivot.mtx, 660, 749, 3808, 76160, 33108, 24172
Ragusa16.mtx, 24, 24, 81, 1620, 728, 528
Ragusa18.mtx, 23, 23, 64, 1280, 600, 430
rajat05.mtx, 301, 301, 1384, 27680, 12280, 8910
rajat11.mtx, 135, 135, 812, 16240, 7040, 5146
rajat14.mtx, 180, 180, 1503, 30060, 12748, 9382
rbsa480.mtx, 480, 480, 17088, 341760, 138628, 103492
rbsb480.mtx, 480, 480, 17088, 341760, 138628, 103492
rdb200.mtx, 200, 200, 1120, 22400, 9764, 7124
rdb200l.mtx, 200, 200, 1120, 22400, 9764, 7124
rdb450.mtx, 450, 450, 2580, 51600, 22444, 16384
rdb450l.mtx, 450, 450, 2580, 51600, 22444, 16384
rdb800l.mtx, 800, 800, 4640, 92800, 40324, 29444
rdb968.mtx, 968, 968, 5632, 112640, 48932, 35732
refine.mtx, 29, 62, 153, 3060, 1344, 980
rel3.mtx, 12, 5, 18, 360, 172, 124
rel4.mtx, 66, 12, 104, 2080, 948, 684
rel5.mtx, 340, 35, 656, 13120, 5940, 4284
relat3.mtx, 12, 5, 24, 480, 228, 164
relat4.mtx, 66, 12, 172, 3440, 1564, 1128
relat5.mtx, 340, 35, 1058, 21160, 9572, 6904
reorientation_1.mtx, 677, 677, 3861, 77220, 33600, 24524
rgg010.mtx, 10, 10, 76, 1368, 500, 328
rkat7_mat5.mtx, 694, 738, 38114, 762280, 307692, 230076
robot.mtx, 120, 120, 870, 17400, 7444, 5464
robot24c1_mat5.mtx, 404, 302, 15118, 302360, 122564, 91520
robot24c1_mat5_J.mtx, 302, 404, 15118, 302360, 122156, 91316
rosen7.mtx, 264, 776, 8034, 160680, 65332, 48736
rotor1.mtx, 100, 100, 708, 14160, 6068, 4452
rotor2.mtx, 791, 791, 10685, 213700, 88648, 65696
rw136.mtx, 136, 136, 479, 9580, 4380, 3150
rw496.mtx, 496, 496, 1859, 37180, 16860, 12150
S10PI_n.mtx, 682, 682, 1633, 32660, 15796, 11166
S10PI_n1.mtx, 528, 528, 1317, 26340, 12648, 8960
Sandi_authors.mtx, 86, 86, 124, 2480, 1248, 872
Sandi_sandi.mtx, 314, 360, 613, 11034, 4938, 3084
saylr1.mtx, 238, 238, 1128, 22560, 9980, 7248
saylr3.mtx, 1000, 1000, 2375, 47500, 23004, 16254
sherman1.mtx, 1000, 1000, 2375, 47500, 23004, 16254
shl_0.mtx, 663, 663, 1687, 33740, 16152, 11452
shl_200.mtx, 663, 663, 1726, 34520, 16464, 11686
shl_400.mtx, 663, 663, 1712, 34240, 16352, 11602
Si2.mtx, 769, 769, 9285, 185700, 77360, 57252
SmallW.mtx, 396, 396, 994, 19880, 8352, 6166
spaceShuttleEntry_1.mtx, 560, 560, 3605, 72100, 31084, 22754
spaceStation_1.mtx, 99, 99, 489, 9780, 4312, 3136
spaceStation_2.mtx, 329, 329, 2999, 59980, 25312, 18656
spaceStation_3.mtx, 467, 467, 2681, 53620, 23320, 17024
spaceStation_4.mtx, 950, 950, 7079, 141580, 60436, 44378
sphere2.mtx, 66, 66, 258, 4644, 1816, 1168
sphere3.mtx, 258, 258, 1026, 18468, 7192, 4624
steam1.mtx, 240, 240, 3762, 75240, 31060, 23056
steam2.mtx, 600, 600, 13760, 275200, 112484, 83764
steam3.mtx, 80, 80, 928, 18560, 7748, 5732
Stranke94.mtx, 10, 10, 45, 900, 404, 290
str_0.mtx, 363, 363, 2454, 49080, 21088, 15454
str_200.mtx, 363, 363, 3068, 61360, 26000, 19138
str_400.mtx, 363, 363, 3157, 63140, 26712, 19672
str_600.mtx, 363, 363, 3279, 65580, 27688, 20404
TF10.mtx, 99, 107, 622, 12440, 5376, 3934
TF11.mtx, 216, 236, 1607, 32140, 13724, 10078
TF12.mtx, 488, 552, 4231, 84620, 35804, 26366
Tina_AskCal.mtx, 11, 11, 29, 522, 222, 142
Tina_AskCog.mtx, 11, 11, 36, 648, 264, 170
Tina_DisCal.mtx, 11, 11, 41, 738, 294, 190
Tina_DisCog.mtx, 11, 11, 48, 864, 336, 218
tols340.mtx, 340, 340, 2196, 43920, 18932, 13860
tols90.mtx, 90, 90, 1746, 34920, 14332, 10660
tomography.mtx, 500, 500, 28726, 574520, 231812, 173360
Trec10.mtx, 106, 478, 8612, 172240, 69324, 51888
Trec3.mtx, 1, 2, 1, 18, 14, 10
Trec4.mtx, 2, 3, 3, 60, 36, 26
Trec5.mtx, 3, 7, 12, 240, 112, 82
Trec6.mtx, 6, 15, 40, 800, 348, 256
Trec7.mtx, 11, 36, 147, 2940, 1224, 908
Trec8.mtx, 23, 84, 549, 10980, 4488, 3344
Trec9.mtx, 47, 201, 2147, 42940, 17368, 12980
Trefethen_150.mtx, 150, 150, 1095, 21900, 9364, 6874
Trefethen_20.mtx, 20, 20, 89, 1780, 796, 578
Trefethen_200.mtx, 200, 200, 1545, 30900, 13164, 9674
Trefethen_200b.mtx, 199, 199, 1536, 30720, 13088, 9618
Trefethen_20b.mtx, 19, 19, 83, 1660, 744, 540
Trefethen_300.mtx, 300, 300, 2489, 49780, 21116, 15538
Trefethen_500.mtx, 500, 500, 4489, 89780, 37916, 27938
Trefethen_700.mtx, 700, 700, 6677, 133540, 56220, 41466
tub100.mtx, 100, 100, 396, 7920, 3572, 2580
tub1000.mtx, 1000, 1000, 3996, 79920, 35972, 25980
tumorAntiAngiogenesis_1.mtx, 205, 205, 953, 19060, 8448, 6132
tumorAntiAngiogenesis_2.mtx, 305, 305, 1441, 28820, 12752, 9260
tumorAntiAngiogenesis_3.mtx, 410, 410, 2099, 41980, 18436, 13418
tumorAntiAngiogenesis_4.mtx, 455, 455, 2433, 48660, 21288, 15512
tumorAntiAngiogenesis_5.mtx, 460, 460, 2483, 49660, 21708, 15822
tumorAntiAngiogenesis_6.mtx, 465, 465, 2537, 50740, 22160, 16156
tumorAntiAngiogenesis_7.mtx, 475, 475, 2441, 48820, 21432, 15600
tumorAntiAngiogenesis_8.mtx, 490, 490, 2535, 50700, 22244, 16194
USAir97.mtx, 332, 332, 2126, 42520, 18132, 13316
utm300.mtx, 300, 300, 3155, 63100, 26444, 19534
west0067.mtx, 67, 67, 294, 5880, 2624, 1902
west0132.mtx, 132, 132, 414, 8280, 3844, 2752
west0156.mtx, 156, 156, 371, 7420, 3596, 2542
west0167.mtx, 167, 167, 507, 10140, 4728, 3380
west0381.mtx, 381, 381, 2157, 43140, 18784, 13708
west0479.mtx, 479, 479, 1910, 38200, 17200, 12422
west0497.mtx, 497, 497, 1727, 34540, 15808, 11360
west0655.mtx, 655, 655, 2854, 57080, 25456, 18438
west0989.mtx, 989, 989, 3537, 70740, 32256, 23204
wheel_3_1.mtx, 21, 25, 74, 1332, 532, 342
wheel_4_1.mtx, 36, 41, 122, 2196, 880, 564
wheel_5_1.mtx, 57, 61, 182, 3276, 1324, 846
wheel_6_1.mtx, 83, 85, 254, 4572, 1860, 1186
wheel_7_1.mtx, 114, 113, 338, 6084, 2488, 1584
will199.mtx, 199, 199, 701, 12618, 5006, 3206
will57.mtx, 57, 57, 281, 5058, 1918, 1242
wm1.mtx, 207, 277, 2909, 58180, 24104, 17872
wm2.mtx, 207, 260, 2942, 58840, 24368, 18070
wm3.mtx, 207, 260, 2948, 58960, 24416, 18106
WorldCities.mtx, 315, 100, 7518, 150360, 61400, 45738
ww_36_pmec_36.mtx, 66, 66, 1194, 23880, 9820, 7300
young3c.mtx, 841, 841, 3988, 79760, 35272, 25614
zed.mtx, 116, 142, 666, 13320, 5796, 4232
